1;0
1;0
1;0
1;0
1;0
1;0
1;0
1;0
1;0
1;0
1;0
1;0
1;0
1;0
1;0
1;0
1;0
1;0
1;0
1;0
1;0
1;0
1;0
1;0
1;0
1;0
1;0
1;0
1;0
1;0
2;0
2;1
2;1
2;2
2;2
2;3
2;3
2;4
2;4
2;5
2;5
2;6
2;6
2;7
2;7
2;8
2;8
2;9
2;9
2;10
2;10
2;0
2;10
2;0
2;0
2;0
2;0
2;10
2;10
2;10
3;6
3;6
3;6
3;6
3;6
3;6
3;6
3;6
3;6
3;6
3;6
3;6
3;6
3;6
3;6
3;6
3;6
3;6
3;6
3;6
3;6
3;6
3;6
3;6
3;6
3;6
3;6
3;6
3;6
3;6
4;5
4;5
4;5
4;6
4;6
4;6
4;6
4;7
4;7
4;7
4;7
4;8
4;8
4;8
4;8
4;9
4;9
4;9
4;9
4;10
4;10
4;10
4;10
4;11
4;11
4;11
4;11
4;12
4;12
4;12
5;10
5;10
5;11
5;11
5;11
5;5
5;12
5;11
5;12
5;5
5;5
5;5
5;6
5;6
5;6
5;6
5;6
5;7
5;7
5;7
5;7
5;7
5;8
5;8
5;8
5;8
5;8
5;9
5;9
5;9
6;8
6;8
6;8
6;9
6;9
6;9
6;10
6;10
6;10
6;11
6;11
6;11
6;12
6;12
6;12
6;13
6;13
6;13
6;14
6;14
6;14
6;15
6;21
6;21
6;18
6;22
6;13
6;13
6;13
6;13
7;12
7;12
7;12
7;13
7;13
7;13
7;13
7;14
7;14
7;14
7;15
7;15
7;15
7;15
7;16
7;16
7;16
7;17
7;17
7;17
7;17
7;18
7;18
7;18
7;19
7;19
7;19
7;19
7;20
7;20
8;18
8;18
8;19
8;19
8;19
8;20
8;20
8;20
8;21
8;21
8;22
8;22
8;22
8;23
8;23
8;23
8;24
8;24
8;25
8;25
8;25
8;26
8;26
8;26
8;27
8;27
8;28
8;35
8;35
8;35
9;31
9;25
9;32
9;29
9;33
9;33
9;33
9;23
9;24
9;24
9;24
9;25
9;25
9;25
9;26
9;26
9;26
9;27
9;27
9;27
9;28
9;28
9;28
9;29
9;29
9;29
9;30
9;30
9;30
9;31
10;28
10;28
10;29
10;29
10;30
10;30
10;30
10;31
10;31
10;32
10;32
10;32
10;33
10;33
10;34
10;34
10;34
10;35
10;35
10;36
10;36
10;36
10;37
10;37
10;38
10;38
10;38
10;39
10;39
10;40
11;36
11;37
11;37
11;38
11;38
11;39
11;39
11;40
11;40
11;40
11;41
11;41
11;42
11;42
11;43
11;43
11;44
11;44
11;45
11;45
11;45
11;54
11;55
11;55
11;51
11;56
11;54
11;57
11;44
11;44
12;41
12;41
12;42
12;42
12;43
12;43
12;43
12;44
12;44
12;45
12;45
12;45
12;46
12;46
12;47
12;47
12;48
12;48
12;48
12;49
12;49
12;50
12;50
12;50
12;51
12;51
12;52
12;52
12;53
12;53
13;49
13;50
13;50
13;51
13;51
13;52
13;52
13;53
13;53
13;53
13;54
13;54
13;55
13;55
13;56
13;56
13;68
13;68
13;69
13;65
13;69
13;68
13;70
13;57
13;58
13;58
13;59
13;59
13;59
13;60
14;56
14;56
14;57
14;57
14;58
14;58
14;58
14;59
14;59
14;60
14;60
14;61
14;61
14;61
14;62
14;62
14;63
14;63
14;64
14;64
14;64
14;65
14;65
14;66
14;78
14;79
14;77
14;79
14;67
14;68
15;63
15;64
15;64
15;65
15;65
15;65
15;66
15;66
15;67
15;67
15;67
15;68
15;68
15;69
15;69
15;81
15;81
15;81
15;82
15;71
15;72
15;72
15;72
15;73
15;73
15;73
15;74
15;74
15;74
15;75
16;70
16;71
16;71
16;72
16;72
16;72
16;73
16;73
16;73
16;74
16;74
16;75
16;75
16;75
16;76
16;76
16;76
16;77
16;77
16;78
16;78
16;78
16;79
16;79
16;79
16;80
16;80
16;81
16;81
16;81
17;87
17;87
17;87
17;86
17;88
17;88
17;89
17;78
17;79
17;79
17;79
17;80
17;80
17;80
17;81
17;81
17;81
17;82
17;82
17;83
17;83
17;83
17;84
17;84
17;84
17;85
17;85
17;85
17;86
17;86
18;82
18;82
18;82
18;83
18;83
18;84
18;84
18;84
18;85
18;85
18;86
18;86
18;86
18;87
18;87
18;87
18;88
18;88
18;89
18;89
18;89
18;90
18;90
18;91
18;91
18;91
18;92
18;92
18;93
18;93
19;88
19;89
19;89
19;90
19;100
19;100
19;101
19;99
19;101
19;101
19;102
19;91
19;91
19;92
19;92
19;92
19;93
19;93
19;93
19;94
19;94
19;95
19;95
19;95
19;96
19;96
19;96
19;97
19;97
19;98
20;93
20;104
20;105
20;105
20;105
20;95
20;95
20;96
20;96
20;97
20;97
20;97
20;98
20;98
20;98
20;99
20;99
20;99
20;100
20;100
20;100
20;101
20;101
20;101
20;102
20;113
20;103
20;103
20;103
20;104
21;99
21;99
21;100
21;100
21;100
21;101
21;101
21;101
21;102
21;102
21;102
21;103
21;103
21;103
21;104
21;104
21;104
21;105
21;105
21;115
21;115
21;115
21;116
21;107
21;107
21;107
21;108
21;108
21;108
21;108
22;113
22;113
22;113
22;114
22;106
22;106
22;106
22;107
22;107
22;107
22;107
22;108
22;108
22;108
22;109
22;109
22;109
22;109
22;110
22;110
22;110
22;110
22;111
22;111
22;111
22;112
22;112
22;112
22;112
22;113
23;108
23;108
23;109
23;109
23;109
23;110
23;110
23;110
23;110
23;111
23;111
23;111
23;112
23;112
23;112
23;113
23;113
23;113
23;113
23;114
23;114
23;114
23;115
23;115
23;115
23;116
23;116
23;116
23;117
23;117
24;112
24;113
24;113
24;113
24;114
24;114
24;114
24;115
24;115
24;115
24;116
24;116
24;116
24;117
24;124
24;125
24;125
24;123
24;126
24;125
24;126
24;117
24;117
24;118
24;118
24;118
24;118
24;119
24;119
24;119
25;115
25;115
25;116
25;116
25;116
25;116
25;117
25;117
25;117
25;118
25;118
25;118
25;119
25;119
25;119
25;120
25;120
25;120
25;121
25;121
25;121
25;122
25;122
25;122
25;123
25;123
25;123
25;124
25;124
25;124
26;120
26;120
26;120
26;121
26;121
26;121
26;122
26;122
26;122
26;123
26;123
26;124
26;124
26;124
26;125
26;125
26;125
26;126
26;126
26;126
26;127
26;127
26;127
26;128
26;128
26;128
26;129
26;129
26;129
26;130
27;134
27;134
27;134
27;135
27;133
27;135
27;134
27;136
27;136
27;137
27;127
27;127
27;127
27;128
27;128
27;128
27;129
27;129
27;129
27;130
27;130
27;130
27;131
27;131
27;131
27;132
27;132
27;132
27;133
27;133
28;129
28;129
28;129
28;130
28;130
28;131
28;131
28;131
28;132
28;132
28;132
28;133
28;133
28;133
28;134
28;134
28;134
28;135
28;135
28;136
28;136
28;136
28;137
28;137
28;137
28;138
28;138
28;138
28;139
28;139
29;135
29;135
29;135
29;136
29;136
29;137
29;137
29;137
29;138
29;138
29;138
29;139
29;149
29;149
29;149
29;148
29;150
29;150
29;151
29;140
29;141
29;141
29;141
29;142
29;142
29;142
29;143
29;143
29;143
29;144
30;150
30;150
30;150
30;151
30;141
30;141
30;142
30;142
30;142
30;143
30;143
30;143
30;144
30;144
30;144
30;145
30;145
30;145
30;146
30;146
30;146
30;147
30;147
30;147
30;148
30;148
30;148
30;149
30;149
30;149
31;145
31;145
31;146
31;146
31;146
31;147
31;147
31;147
31;148
31;148
31;149
31;149
31;149
31;150
31;150
31;150
31;151
31;151
31;151
31;152
31;152
31;152
31;153
31;153
31;153
31;154
31;154
31;155
31;155
31;155
32;151
32;151
32;152
32;152
32;152
32;162
32;162
32;163
32;162
32;163
32;163
32;164
32;154
32;154
32;155
32;155
32;155
32;156
32;156
32;156
32;157
32;157
32;157
32;158
32;158
32;158
32;159
32;159
32;159
32;160
33;155
33;156
33;156
33;156
33;157
33;157
33;157
33;158
33;158
33;158
33;159
33;159
33;160
33;160
33;160
33;161
33;161
33;161
33;162
33;162
33;162
33;163
33;163
33;164
33;164
33;164
33;165
33;165
33;165
33;166
34;161
34;162
34;162
34;162
34;163
34;163
34;164
34;164
34;164
34;165
34;165
34;165
34;166
34;166
34;167
34;167
34;167
34;168
34;168
34;169
34;169
34;169
34;170
34;170
34;170
34;171
34;181
34;182
34;182
34;181
35;177
35;178
35;177
35;178
35;179
35;179
35;168
35;169
35;169
35;169
35;170
35;170
35;171
35;171
35;171
35;172
35;172
35;172
35;173
35;173
35;174
35;174
35;174
35;175
35;175
35;175
35;176
35;176
35;177
35;188
36;183
36;184
36;184
36;174
36;174
36;174
36;175
36;175
36;175
36;176
36;176
36;176
36;177
36;177
36;177
36;178
36;178
36;179
36;179
36;179
36;180
36;180
36;180
36;181
36;181
36;181
36;182
36;182
36;183
36;183
37;178
37;179
37;179
37;179
37;180
37;180
37;181
37;181
37;181
37;182
37;182
37;182
37;183
37;183
37;184
37;184
37;184
37;185
37;185
37;186
37;186
37;186
37;187
37;187
37;187
37;188
37;188
37;189
37;189
37;189
38;195
38;195
38;196
38;195
38;196
38;197
38;197
38;186
38;187
38;187
38;187
38;188
38;188
38;189
38;189
38;189
38;190
38;190
38;190
38;191
38;191
38;192
38;192
38;192
38;193
38;193
38;193
38;194
38;194
38;194
39;190
39;190
39;191
39;191
39;191
39;192
39;192
39;193
39;193
39;193
39;194
39;194
39;194
39;195
39;195
39;196
39;196
39;196
39;197
39;197
39;198
39;198
39;198
39;199
39;199
39;199
39;200
39;200
39;201
39;201
40;196
40;197
40;197
40;198
40;198
40;198
40;199
40;199
40;210
40;211
40;211
40;210
40;212
40;212
40;212
40;201
40;202
40;202
40;214
40;203
40;204
40;204
40;204
40;205
40;205
40;205
40;206
40;206
40;207
40;207
41;202
41;203
41;203
41;203
41;204
41;204
41;204
41;205
41;205
41;205
41;206
41;206
41;217
41;218
41;218
41;218
41;208
41;208
41;209
41;209
41;209
41;210
41;210
41;210
41;211
41;211
41;211
41;212
41;212
41;212
42;208
42;208
42;208
42;209
42;209
42;210
42;210
42;210
42;211
42;211
42;211
42;212
42;212
42;212
42;213
42;213
42;213
42;214
42;214
42;215
42;215
42;215
42;216
42;226
42;227
42;226
42;227
42;217
42;217
42;218
43;213
43;213
43;214
43;214
43;214
43;215
43;215
43;215
43;216
43;216
43;216
43;217
43;217
43;218
43;218
43;218
43;219
43;219
43;219
43;220
43;220
43;220
43;231
43;231
43;231
43;232
43;222
43;222
43;223
43;223
44;218
44;219
44;219
44;219
44;220
44;220
44;220
44;221
44;221
44;221
44;222
44;222
44;222
44;223
44;223
44;223
44;234
44;234
44;234
44;235
44;225
44;235
44;226
44;227
44;227
44;227
44;228
44;228
44;228
44;228
45;224
45;224
45;224
45;225
45;225
45;225
45;225
45;226
45;226
45;226
45;227
45;227
45;227
45;228
45;228
45;228
45;229
45;229
45;229
45;230
45;230
45;230
45;230
45;231
45;231
45;231
45;232
45;232
45;232
45;233
46;228
46;228
46;229
46;229
46;229
46;230
46;230
46;230
46;231
46;231
46;231
46;231
46;232
46;232
46;232
46;233
46;242
46;242
46;243
46;242
46;243
46;243
46;244
46;235
46;235
46;235
46;235
46;236
46;236
46;236
47;232
47;232
47;232
47;233
47;233
47;233
47;234
47;234
47;234
47;235
47;235
47;235
47;236
47;245
47;245
47;245
47;246
47;237
47;237
47;238
47;238
47;238
47;239
47;239
47;239
47;240
47;240
47;249
47;241
47;241
48;236
48;237
48;237
48;237
48;238
48;238
48;238
48;238
48;239
48;239
48;239
48;240
48;240
48;240
48;240
48;241
48;241
48;241
48;242
48;242
48;242
48;242
48;243
48;243
48;243
48;244
48;244
48;244
48;245
48;245
49;240
49;240
49;249
49;249
49;250
49;249
49;250
49;250
49;251
49;242
49;243
49;243
49;243
49;244
49;244
49;244
49;244
49;245
49;245
49;245
49;246
49;246
49;246
49;246
49;247
49;247
49;247
49;248
49;248
49;248
50;244
50;244
50;244
50;244
50;245
50;245
50;245
50;246
50;246
50;246
50;247
50;247
50;247
50;247
50;248
50;248
50;248
50;249
50;249
50;249
50;250
50;250
50;250
50;250
50;251
50;251
50;251
50;252
50;252
50;252
51;248
51;248
51;257
51;257
51;257
51;257
51;258
51;258
51;258
51;250
51;250
51;250
51;251
51;251
51;251
51;251
51;252
51;252
51;252
51;253
51;253
51;253
51;254
51;254
51;254
51;254
51;255
51;255
51;255
51;256
52;251
52;251
52;252
52;252
52;252
52;252
52;253
52;253
52;253
52;254
52;254
52;254
52;255
52;255
52;255
52;256
52;256
52;256
52;256
52;257
52;257
52;257
52;258
52;258
52;258
52;259
52;259
52;259
52;260
52;260
53;255
53;256
53;256
53;256
53;257
53;257
53;257
53;258
53;258
53;258
53;258
53;259
53;259
53;259
53;260
53;260
53;260
53;261
53;261
53;261
53;270
53;271
53;271
53;270
53;272
53;271
53;272
53;263
53;263
53;264
54;259
54;259
54;260
54;260
54;260
54;261
54;261
54;261
54;261
54;262
54;262
54;262
54;263
54;263
54;263
54;264
54;264
54;264
54;265
54;265
54;265
54;266
54;266
54;266
54;266
54;267
54;267
54;267
54;268
54;268
55;264
55;264
55;264
55;264
55;265
55;265
55;265
55;266
55;266
55;266
55;267
55;267
55;267
55;268
55;268
55;268
55;269
55;269
55;269
55;270
55;270
55;270
55;271
55;271
55;271
55;272
55;281
55;281
55;282
55;281
56;277
56;278
56;277
56;278
56;279
56;279
56;270
56;270
56;270
56;271
56;271
56;271
56;272
56;272
56;272
56;273
56;273
56;273
56;273
56;274
56;274
56;274
56;275
56;275
56;275
56;276
56;276
56;276
56;277
56;277
57;272
57;273
57;273
57;273
57;274
57;274
57;274
57;275
57;275
57;275
57;276
57;276
57;276
57;277
57;277
57;277
57;278
57;278
57;278
57;279
57;279
57;279
57;280
57;280
57;280
57;281
57;281
57;281
57;282
57;282
58;278
58;278
58;278
58;279
58;279
58;279
58;280
58;280
58;280
58;281
58;281
58;281
58;282
58;282
58;282
58;283
58;283
58;293
58;293
58;293
58;293
58;294
58;294
58;295
58;285
58;285
58;286
58;286
58;286
58;287
59;282
59;282
59;283
59;283
59;283
59;284
59;284
59;284
59;285
59;285
59;285
59;286
59;286
59;286
59;287
59;287
59;287
59;288
59;288
59;288
59;289
59;289
59;290
59;290
59;290
59;291
59;291
59;291
59;292
59;292
60;287
60;288
60;288
60;288
60;289
60;289
60;289
60;290
60;290
60;291
60;291
60;291
60;292
60;292
60;292
60;293
60;293
60;293
60;294
60;294
60;294
60;295
60;295
60;295
60;296
60;296
60;296
60;297
60;297
60;298
61;293
61;293
61;294
61;294
61;294
61;295
61;295
61;296
61;296
61;306
61;306
61;307
61;307
61;306
61;308
61;307
61;308
61;308
61;309
61;299
61;299
61;299
61;300
61;300
61;300
61;301
61;301
61;302
61;302
61;302
62;298
62;298
62;298
62;299
62;299
62;299
62;300
62;300
62;301
62;301
62;301
62;302
62;302
62;302
62;303
62;303
62;303
62;304
62;304
62;304
62;305
62;305
62;305
62;306
62;306
62;307
62;307
62;307
62;308
62;308
63;303
63;304
63;304
63;305
63;305
63;305
63;306
63;306
63;306
63;307
63;307
63;307
63;308
63;308
63;309
63;309
63;309
63;310
63;310
63;310
63;311
63;311
63;311
63;312
63;312
63;313
63;313
63;324
63;324
63;324
64;320
64;319
64;320
64;320
64;321
64;321
64;322
64;311
64;312
64;312
64;312
64;313
64;313
64;313
64;314
64;314
64;314
64;315
64;315
64;316
64;316
64;316
64;317
64;317
64;317
64;318
64;318
64;318
64;319
64;319
65;315
65;315
65;315
65;316
65;316
65;316
65;317
65;328
65;328
65;328
65;329
65;319
65;319
65;319
65;320
65;320
65;320
65;321
65;321
65;321
65;322
65;322
65;333
65;323
65;323
65;324
65;324
65;324
65;325
65;325
66;320
66;321
66;321
66;322
66;322
66;322
66;323
66;323
66;323
66;324
66;324
66;324
66;325
66;325
66;325
66;326
66;326
66;326
66;327
66;327
66;327
66;338
66;338
66;338
66;339
66;329
66;329
66;330
66;330
66;330
67;326
67;326
67;327
67;327
67;327
67;328
67;328
67;328
67;329
67;329
67;329
67;330
67;330
67;330
67;331
67;331
67;331
67;332
67;332
67;332
67;333
67;333
67;333
67;334
67;334
67;334
67;335
67;335
67;335
67;336
68;331
68;332
68;332
68;332
68;333
68;333
68;333
68;334
68;334
68;334
68;335
68;335
68;335
68;336
68;336
68;336
68;337
68;337
68;348
68;348
68;348
68;348
68;349
68;349
68;350
68;339
68;340
68;340
68;340
68;341
69;336
69;337
69;337
69;337
69;338
69;338
69;338
69;339
69;339
69;339
69;340
69;340
69;340
69;341
69;341
69;341
69;342
69;342
69;342
69;343
69;343
69;344
69;344
69;344
69;345
69;345
69;345
69;346
69;346
69;346
70;342
70;342
70;342
70;343
70;343
70;343
70;344
70;344
70;345
70;345
70;345
70;346
70;356
70;357
70;357
70;357
70;358
70;358
70;358
70;348
70;348
70;349
70;349
70;349
70;350
70;350
70;350
70;351
70;351
70;351
71;347
71;347
71;348
71;348
71;348
71;349
71;349
71;349
71;350
71;350
71;350
71;351
71;351
71;351
71;352
71;352
71;353
71;353
71;353
71;354
71;354
71;354
71;355
71;355
71;355
71;356
71;356
71;356
71;357
71;357
72;352
72;353
72;353
72;354
72;354
72;354
72;355
72;355
72;355
72;356
72;356
72;356
72;357
72;357
72;358
72;358
72;358
72;359
72;359
72;359
72;360
72;360
72;360
72;361
72;361
72;362
72;362
72;362
72;363
72;373
73;368
73;369
73;369
73;369
73;370
73;370
73;371
73;371
73;371
73;361
73;361
73;362
73;362
73;362
73;363
73;363
73;363
73;364
73;364
73;364
73;365
73;365
73;365
73;366
73;366
73;367
73;367
73;367
73;368
73;368
74;363
74;364
74;364
74;364
74;365
74;365
74;366
74;366
74;366
74;367
74;367
74;367
74;368
74;368
74;368
74;369
74;369
74;370
74;370
74;370
74;371
74;371
74;371
74;372
74;372
74;372
74;373
74;373
74;374
74;374
75;369
75;370
75;370
75;370
75;371
75;371
75;372
75;372
75;372
75;373
75;373
75;373
75;374
75;374
75;375
75;375
75;375
75;376
75;387
75;387
75;387
75;387
75;388
75;388
75;389
75;378
75;378
75;379
75;390
75;380
76;375
76;375
76;376
76;376
76;376
76;377
76;377
76;378
76;378
76;378
76;379
76;379
76;379
76;380
76;380
76;380
76;381
76;381
76;381
76;382
76;382
76;383
76;383
76;383
76;384
76;384
76;384
76;385
76;385
76;385
77;381
77;381
77;392
77;392
77;393
77;393
77;393
77;394
77;394
77;384
77;384
77;384
77;385
77;385
77;386
77;386
77;386
77;387
77;387
77;387
77;388
77;388
77;388
77;389
77;389
77;389
77;390
77;390
77;390
77;391
78;386
78;386
78;387
78;387
78;388
78;388
78;388
78;389
78;389
78;389
78;390
78;390
78;390
78;391
78;391
78;392
78;392
78;392
78;393
78;393
78;393
78;394
78;394
78;394
78;395
78;395
78;395
78;396
78;396
78;397
79;392
79;392
79;393
79;393
79;393
79;394
79;394
79;394
79;395
79;395
79;396
79;396
79;396
79;397
79;397
79;397
79;408
79;408
79;409
79;409
79;410
79;410
79;410
79;400
79;400
79;400
79;401
79;401
79;401
79;402
80;397
80;398
80;398
80;398
80;399
80;399
80;399
80;400
80;400
80;400
80;401
80;401
80;401
80;402
80;402
80;403
80;403
80;403
80;404
80;404
80;404
80;405
80;405
80;405
80;417
80;417
80;417
80;418
80;407
80;408
81;403
81;403
81;404
81;404
81;404
81;415
81;416
81;416
81;416
81;406
81;407
81;407
81;407
81;408
81;408
81;408
81;409
81;409
81;409
81;410
81;410
81;410
81;411
81;411
81;411
81;412
81;412
81;412
81;413
81;413
82;408
82;409
82;409
82;410
82;410
82;410
82;411
82;411
82;411
82;412
82;412
82;412
82;413
82;413
82;413
82;414
82;414
82;414
82;415
82;415
82;416
82;416
82;416
82;417
82;417
82;417
82;418
82;418
82;418
82;419
83;414
83;414
83;415
83;415
83;415
83;416
83;416
83;417
83;417
83;417
83;418
83;418
83;418
83;419
83;419
83;419
83;430
83;430
83;431
83;430
83;431
83;432
83;432
83;422
83;422
83;422
83;423
83;423
83;423
83;424
84;419
84;420
84;420
84;420
84;421
84;421
84;421
84;422
84;422
84;422
84;423
84;423
84;423
84;424
84;424
84;425
84;425
84;425
84;426
84;426
84;426
84;427
84;427
84;427
84;428
84;428
84;428
84;429
84;429
84;430
85;425
85;425
85;426
85;426
85;426
85;427
85;427
85;427
85;428
85;428
85;428
85;429
85;429
85;430
85;430
85;430
85;431
85;431
85;431
85;432
85;432
85;432
85;433
85;433
85;434
85;434
85;434
85;445
85;445
85;446
86;441
86;441
86;442
86;442
86;442
86;443
86;443
86;433
86;433
86;433
86;434
86;434
86;434
86;435
86;435
86;436
86;436
86;436
86;437
86;437
86;437
86;438
86;438
86;438
86;439
86;439
86;440
86;440
86;440
86;441
87;436
87;436
87;437
87;437
87;437
87;438
87;438
87;438
87;439
87;439
87;440
87;440
87;440
87;441
87;441
87;441
87;442
87;442
87;443
87;443
87;443
87;444
87;444
87;444
87;445
87;445
87;445
87;446
87;446
87;447
88;442
88;442
88;443
88;443
88;443
88;444
88;444
88;444
88;455
88;456
88;456
88;456
88;457
88;457
88;458
88;447
88;447
88;448
88;448
88;448
88;449
88;449
88;450
88;450
88;450
88;451
88;451
88;451
88;452
88;452
89;447
89;448
89;448
89;448
89;449
89;449
89;450
89;450
89;450
89;451
89;451
89;451
89;452
89;452
89;453
89;453
89;453
89;454
89;454
89;454
89;455
89;455
89;466
89;467
89;467
89;468
89;457
89;457
89;458
89;458
90;453
90;454
90;454
90;454
90;455
90;455
90;455
90;456
90;456
90;456
90;457
90;457
90;458
90;458
90;458
90;459
90;459
90;459
90;460
90;460
90;461
90;461
90;472
90;473
90;473
90;473
90;463
90;463
90;463
90;464
91;459
91;459
91;460
91;460
91;460
91;472
91;472
91;472
91;473
91;462
91;463
91;463
91;463
91;464
91;464
91;465
91;465
91;465
91;466
91;466
91;466
91;467
91;467
91;478
91;468
91;468
91;469
91;469
91;469
91;470
92;465
92;465
92;465
92;466
92;466
92;467
92;467
92;467
92;468
92;468
92;468
92;469
92;469
92;469
92;470
92;470
92;470
92;471
92;471
92;471
92;472
92;472
92;472
92;473
92;473
92;473
92;484
92;484
92;485
92;485
93;480
93;481
93;481
93;471
93;471
93;472
93;482
93;473
93;473
93;473
93;474
93;474
93;474
93;475
93;475
93;475
93;476
93;476
93;476
93;477
93;477
93;477
93;478
93;488
93;478
93;479
93;479
93;479
93;480
93;480
94;475
94;476
94;486
94;486
94;486
94;487
94;477
94;478
94;478
94;478
94;479
94;479
94;479
94;480
94;480
94;480
94;481
94;481
94;481
94;482
94;482
94;482
94;482
94;483
94;483
94;483
94;484
94;484
94;484
94;485
95;480
95;480
95;481
95;481
95;481
95;482
95;482
95;482
95;483
95;483
95;483
95;484
95;484
95;484
95;485
95;485
95;485
95;485
95;486
95;486
95;486
95;487
95;487
95;487
95;488
95;488
95;488
95;489
95;489
95;489
96;485
96;494
96;495
96;495
96;495
96;496
96;496
96;496
96;487
96;487
96;488
96;488
96;488
96;489
96;489
96;489
96;489
96;490
96;490
96;490
96;491
96;491
96;491
96;492
96;492
96;492
96;493
96;493
96;493
96;494
97;489
97;489
97;490
97;490
97;490
97;491
97;491
97;491
97;492
97;492
97;492
97;493
97;493
97;493
97;494
97;494
97;494
97;495
97;495
97;495
97;496
97;496
97;496
97;497
97;497
97;497
97;497
97;498
97;498
97;498
98;494
98;494
98;494
98;495
98;495
98;505
98;505
98;506
98;506
98;506
98;506
98;507
98;497
98;498
98;498
98;498
98;499
98;499
98;499
98;500
98;500
98;500
98;501
98;501
98;501
98;502
98;502
98;502
98;503
98;503
99;498
99;498
99;499
99;499
99;499
99;500
99;500
99;500
99;501
99;501
99;501
99;502
99;502
99;502
99;503
99;503
99;503
99;504
99;504
99;504
99;505
99;505
99;505
99;506
99;506
99;506
99;507
99;507
99;507
99;508
100;503
100;503
100;504
100;504
100;504
100;505
100;505
100;505
100;506
100;506
100;506
100;507
100;507
100;507
100;508
100;508
100;509
100;509
100;509
100;510
100;510
100;510
100;511
100;511
100;511
100;512
100;512
100;522
100;522
100;523
101;518
101;518
101;518
101;518
101;519
101;519
101;520
101;510
101;510
101;511
101;511
101;511
101;512
101;512
101;512
101;513
101;513
101;513
101;514
101;514
101;514
101;515
101;515
101;515
101;516
101;516
101;516
101;517
101;517
101;517
102;513
102;513
102;513
102;514
102;514
102;514
102;515
102;515
102;515
102;516
102;516
102;516
102;517
102;517
102;517
102;518
102;518
102;518
102;519
102;519
102;520
102;520
102;520
102;521
102;521
102;521
102;522
102;522
102;522
102;523
103;518
103;528
103;529
103;529
103;529
103;530
103;530
103;530
103;520
103;521
103;521
103;521
103;522
103;522
103;522
103;523
103;523
103;523
103;524
103;524
103;524
103;525
103;525
103;525
103;526
103;526
103;526
103;527
103;527
103;527
104;523
104;523
104;523
104;524
104;524
104;524
104;525
104;525
104;525
104;526
104;526
104;527
104;527
104;537
104;538
104;538
104;538
104;528
104;529
104;529
104;529
104;530
104;530
104;530
104;531
104;531
104;531
104;532
104;532
104;533
105;528
105;528
105;528
105;529
105;529
105;529
105;530
105;530
105;531
105;531
105;531
105;532
105;532
105;532
105;533
105;533
105;533
105;534
105;534
105;534
105;535
105;535
105;535
105;536
105;536
105;536
105;537
105;537
105;537
105;538
106;533
106;533
106;534
106;534
106;534
106;535
106;535
106;535
106;536
106;536
106;536
106;537
106;537
106;538
106;538
106;538
106;539
106;539
106;539
106;540
106;540
106;540
106;541
106;541
106;541
106;542
106;542
106;542
106;543
106;543
107;538
107;539
107;549
107;549
107;550
107;550
107;550
107;551
107;551
107;551
107;552
107;552
107;542
107;542
107;543
107;543
107;543
107;544
107;544
107;544
107;545
107;545
107;545
107;546
107;546
107;547
107;547
107;547
107;548
107;548
108;543
108;544
108;544
108;544
108;545
108;545
108;545
108;546
108;546
108;546
108;547
108;547
108;547
108;548
108;548
108;548
108;549
108;549
108;550
108;550
108;550
108;551
108;561
108;562
108;562
108;562
108;552
108;553
108;553
108;564
109;559
109;559
109;560
109;550
109;550
109;561
109;551
109;551
109;552
109;552
109;552
109;553
109;553
109;553
109;554
109;554
109;554
109;555
109;555
109;555
109;556
109;556
109;556
109;557
109;557
109;557
109;558
109;558
109;558
109;559
110;554
110;554
110;554
110;555
110;555
110;555
110;556
110;556
110;556
110;557
110;557
110;557
110;558
110;558
110;559
110;559
110;559
110;560
110;560
110;560
110;561
110;561
110;561
110;562
110;562
110;562
110;563
110;563
110;563
110;564
111;559
111;559
111;569
111;570
111;570
111;570
111;571
111;571
111;571
111;562
111;562
111;562
111;563
111;563
111;573
111;564
111;564
111;564
111;565
111;565
111;565
111;566
111;566
111;566
111;567
111;567
111;567
111;568
111;568
111;568
112;564
112;564
112;564
112;565
112;565
112;565
112;566
112;566
112;566
112;567
112;567
112;567
112;567
112;568
112;568
112;568
112;569
112;569
112;569
112;580
112;580
112;580
112;581
112;571
112;571
112;572
112;572
112;572
112;573
112;573
113;568
113;569
113;569
113;569
113;570
113;570
113;570
113;570
113;571
113;571
113;571
113;572
113;572
113;572
113;573
113;573
113;573
113;574
113;574
113;574
113;575
113;575
113;575
113;576
113;576
113;576
113;577
113;577
113;577
113;578
114;573
114;573
114;574
114;574
114;574
114;575
114;575
114;575
114;576
114;576
114;576
114;577
114;577
114;577
114;578
114;578
114;578
114;579
114;579
114;579
114;580
114;580
114;580
114;581
114;581
114;581
114;582
114;582
114;582
114;583
115;578
115;578
115;588
115;588
115;589
115;589
115;589
115;590
115;590
115;590
115;591
115;591
115;581
115;582
115;582
115;582
115;583
115;583
115;583
115;584
115;584
115;584
115;585
115;585
115;585
115;596
115;586
115;587
115;587
115;587
116;582
116;583
116;583
116;583
116;584
116;584
116;584
116;585
116;585
116;585
116;586
116;586
116;586
116;587
116;587
116;587
116;588
116;588
116;588
116;589
116;589
116;589
116;590
116;590
116;590
116;591
116;591
116;591
116;592
116;592
117;587
117;588
117;588
117;588
117;589
117;589
117;589
117;590
117;590
117;590
117;591
117;591
117;601
117;601
117;602
117;601
117;602
117;602
117;603
117;593
117;594
117;594
117;594
117;595
117;595
117;595
117;596
117;606
117;596
117;597
118;592
118;592
118;593
118;593
118;593
118;594
118;594
118;594
118;595
118;595
118;595
118;595
118;596
118;596
118;596
118;597
118;597
118;597
118;598
118;598
118;598
118;599
118;599
118;599
118;600
118;600
118;600
118;601
118;601
118;601
119;597
119;597
119;597
119;598
119;598
119;598
119;599
119;599
119;599
119;600
119;600
119;600
119;600
119;601
119;601
119;601
119;611
119;612
119;612
119;612
119;613
119;613
119;613
119;604
119;604
119;604
119;615
119;605
119;606
119;606
120;601
120;602
120;602
120;602
120;602
120;603
120;603
120;603
120;604
120;604
120;604
120;605
120;605
120;605
120;615
120;615
120;616
120;616
120;607
120;607
120;608
120;608
120;608
120;608
120;609
120;609
120;609
120;610
120;610
120;610
121;606
121;606
121;606
121;607
121;607
121;607
121;607
121;608
121;608
121;608
121;609
121;609
121;609
121;610
121;610
121;610
121;611
121;611
121;611
121;612
121;612
121;612
121;613
121;613
121;613
121;613
121;614
121;614
121;614
121;624
122;619
122;620
122;620
122;620
122;620
122;621
122;612
122;621
122;613
122;613
122;613
122;613
122;614
122;614
122;614
122;615
122;615
122;615
122;616
122;616
122;616
122;616
122;617
122;617
122;617
122;618
122;618
122;627
122;619
122;619
123;614
123;615
123;615
123;615
123;615
123;616
123;616
123;616
123;617
123;617
123;617
123;618
123;618
123;618
123;618
123;619
123;619
123;619
123;620
123;620
123;620
123;621
123;621
123;621
123;621
123;622
123;622
123;622
123;623
123;623
124;618
124;619
124;619
124;619
124;619
124;620
124;620
124;620
124;621
124;621
124;621
124;622
124;622
124;622
124;623
124;623
124;623
124;623
124;624
124;624
124;624
124;625
124;625
124;625
124;626
124;626
124;626
124;627
124;627
124;636
125;631
125;632
125;632
125;632
125;632
125;633
125;633
125;633
125;634
125;625
125;625
125;625
125;626
125;626
125;626
125;627
125;627
125;627
125;628
125;628
125;628
125;628
125;629
125;629
125;629
125;630
125;630
125;630
125;631
125;631
126;626
126;627
126;627
126;627
126;627
126;628
126;628
126;628
126;629
126;629
126;629
126;630
126;630
126;630
126;631
126;631
126;631
126;631
126;632
126;632
126;632
126;633
126;633
126;633
126;634
126;634
126;634
126;635
126;635
126;635
127;630
127;631
127;631
127;631
127;632
127;632
127;632
127;633
127;633
127;633
127;634
127;634
127;643
127;644
127;644
127;644
127;645
127;645
127;645
127;636
127;636
127;637
127;637
127;637
127;638
127;638
127;638
127;639
127;639
127;639
128;634
128;635
128;635
128;635
128;636
128;636
128;636
128;637
128;637
128;637
128;638
128;638
128;638
128;639
128;639
128;639
128;639
128;640
128;640
128;640
128;641
128;641
128;641
128;642
128;642
128;642
128;643
128;643
128;643
128;644
129;639
129;639
129;640
129;640
129;640
129;640
129;641
129;641
129;641
129;642
129;642
129;642
129;643
129;643
129;643
129;644
129;644
129;644
129;645
129;645
129;645
129;646
129;646
129;646
129;656
129;656
129;656
129;656
129;657
129;657
130;653
130;653
130;653
130;653
130;644
130;645
130;645
130;645
130;646
130;646
130;646
130;647
130;656
130;647
130;648
130;648
130;648
130;649
130;649
130;649
130;649
130;650
130;650
130;650
130;651
130;651
130;651
130;652
130;652
130;652
131;648
131;648
131;648
131;648
131;649
131;649
131;649
131;650
131;650
131;650
131;651
131;651
131;651
131;652
131;661
131;661
131;662
131;662
131;653
131;653
131;654
131;654
131;664
131;655
131;655
131;655
131;656
131;656
131;656
131;657
132;652
132;652
132;653
132;653
132;662
132;662
132;663
132;663
132;654
132;655
132;655
132;655
132;656
132;656
132;656
132;657
132;657
132;657
132;657
132;658
132;658
132;658
132;659
132;659
132;659
132;659
132;660
132;660
132;660
132;661
133;656
133;656
133;657
133;657
133;657
133;657
133;658
133;658
133;658
133;659
133;659
133;659
133;660
133;660
133;660
133;660
133;661
133;661
133;661
133;662
133;662
133;662
133;663
133;663
133;663
133;663
133;664
133;664
133;664
133;665
134;669
134;669
134;669
134;669
134;670
134;670
134;671
134;662
134;662
134;663
134;663
134;663
134;663
134;664
134;664
134;664
134;665
134;665
134;665
134;665
134;666
134;666
134;666
134;667
134;667
134;667
134;668
134;668
134;668
134;668
135;664
135;664
135;664
135;665
135;665
135;665
135;666
135;666
135;666
135;667
135;667
135;667
135;667
135;668
135;668
135;668
135;669
135;669
135;669
135;670
135;670
135;670
135;671
135;671
135;671
135;671
135;672
135;672
135;672
135;673
136;668
136;668
136;669
136;669
136;669
136;670
136;679
136;679
136;679
136;679
136;680
136;680
136;681
136;672
136;672
136;672
136;673
136;673
136;673
136;673
136;674
136;674
136;684
136;675
136;675
136;675
136;676
136;676
136;676
136;677
137;672
137;672
137;673
137;673
137;673
137;673
137;674
137;674
137;674
137;675
137;675
137;675
137;676
137;676
137;676
137;676
137;677
137;677
137;677
137;678
137;678
137;678
137;679
137;679
137;679
137;679
137;680
137;680
137;680
137;681
138;676
138;676
138;677
138;677
138;677
138;678
138;678
138;678
138;678
138;679
138;679
138;679
138;680
138;680
138;680
138;681
138;681
138;681
138;681
138;682
138;682
138;691
138;692
138;692
138;692
138;692
138;693
138;693
138;684
138;685
139;680
139;680
139;681
139;681
139;681
139;681
139;682
139;682
139;682
139;683
139;683
139;683
139;684
139;684
139;684
139;684
139;685
139;685
139;685
139;686
139;686
139;686
139;687
139;687
139;687
139;696
139;697
139;697
139;697
139;689
140;684
140;684
140;685
140;685
140;685
140;686
140;686
140;686
140;686
140;687
140;687
140;687
140;688
140;688
140;688
140;689
140;689
140;689
140;689
140;690
140;690
140;690
140;691
140;691
140;691
140;692
140;692
140;692
140;692
140;693
141;688
141;688
141;689
141;689
141;689
141;690
141;690
141;690
141;691
141;691
141;691
141;691
141;692
141;692
141;692
141;693
141;693
141;693
141;694
141;694
141;694
141;694
141;695
141;695
141;695
141;696
141;696
141;696
141;697
141;697
142;701
142;701
142;702
142;702
142;702
142;703
142;703
142;703
142;704
142;704
142;695
142;695
142;696
142;696
142;696
142;697
142;697
142;697
142;697
142;698
142;698
142;698
142;699
142;699
142;699
142;700
142;700
142;700
142;701
142;701
143;696
143;697
143;706
143;706
143;706
143;707
143;698
143;698
143;699
143;699
143;699
143;700
143;700
143;700
143;700
143;701
143;701
143;710
143;702
143;702
143;702
143;703
143;703
143;703
143;704
143;704
143;704
143;704
143;705
143;705
144;700
144;701
144;701
144;701
144;702
144;702
144;702
144;703
144;703
144;703
144;703
144;704
144;704
144;704
144;705
144;705
144;705
144;706
144;706
144;706
144;706
144;707
144;716
144;716
144;716
144;717
144;708
144;708
144;709
144;709
145;704
145;705
145;705
145;705
145;706
145;706
145;706
145;706
145;707
145;707
145;707
145;708
145;708
145;708
145;709
145;709
145;709
145;709
145;710
145;710
145;710
145;711
145;711
145;711
145;712
145;712
145;721
145;721
145;721
145;722
146;717
146;717
146;718
146;709
146;710
146;710
146;710
146;710
146;711
146;711
146;720
146;712
146;712
146;712
146;713
146;713
146;713
146;713
146;714
146;714
146;714
146;715
146;715
146;715
146;715
146;716
146;716
146;716
146;717
146;717
147;712
147;713
147;713
147;713
147;713
147;714
147;714
147;714
147;715
147;715
147;715
147;716
147;716
147;716
147;716
147;717
147;717
147;726
147;726
147;726
147;727
147;718
147;719
147;719
147;719
147;719
147;720
147;720
147;720
147;721
148;716
148;716
148;717
148;717
148;717
148;718
148;718
148;718
148;727
148;727
148;728
148;728
148;720
148;720
148;720
148;720
148;721
148;721
148;721
148;722
148;722
148;722
148;722
148;723
148;723
148;723
148;724
148;724
148;724
148;724
149;720
149;720
149;720
149;721
149;721
149;721
149;722
149;722
149;722
149;722
149;723
149;723
149;723
149;724
149;724
149;724
149;724
149;725
149;725
149;725
149;726
149;726
149;726
149;726
149;727
149;727
149;727
149;728
149;728
149;728
150;724
150;724
150;724
150;725
150;725
150;725
150;725
150;726
150;726
150;726
150;727
150;727
150;727
150;727
150;728
150;728
150;728
150;729
150;729
150;729
150;729
150;730
150;730
150;730
150;731
150;731
150;731
150;740
150;740
150;741
151;736
151;736
151;737
151;737
151;737
151;737
151;738
151;729
151;730
151;730
151;730
151;730
151;731
151;731
151;731
151;732
151;732
151;732
151;732
151;733
151;733
151;733
151;734
151;734
151;734
151;734
151;735
151;735
151;735
151;736
152;731
152;731
152;732
152;741
152;741
152;741
152;742
152;733
152;733
152;734
152;734
152;734
152;735
152;735
152;735
152;735
152;736
152;736
152;736
152;737
152;737
152;737
152;737
152;738
152;738
152;738
152;739
152;739
152;739
152;740
153;735
153;735
153;736
153;736
153;745
153;745
153;745
153;746
153;737
153;738
153;738
153;738
153;738
153;739
153;739
153;739
153;740
153;740
153;740
153;740
153;741
153;741
153;741
153;742
153;742
153;742
153;742
153;743
153;743
153;743
154;739
154;739
154;739
154;740
154;740
154;740
154;741
154;741
154;741
154;741
154;742
154;742
154;742
154;743
154;743
154;743
154;752
154;752
154;753
154;753
154;745
154;745
154;745
154;745
154;746
154;746
154;746
154;747
154;747
154;747
155;743
155;743
155;743
155;743
155;744
155;744
155;744
155;745
155;745
155;745
155;745
155;746
155;746
155;746
155;747
155;747
155;747
155;748
155;748
155;748
155;748
155;749
155;749
155;749
155;750
155;750
155;750
155;750
155;751
155;751
156;746
156;747
156;747
156;747
156;748
156;748
156;748
156;749
156;749
156;749
156;749
156;750
156;750
156;750
156;751
156;751
156;751
156;751
156;752
156;752
156;752
156;753
156;753
156;753
156;754
156;762
156;763
156;763
156;763
156;764
157;759
157;759
157;760
157;760
157;760
157;752
157;752
157;752
157;753
157;753
157;753
157;753
157;754
157;754
157;754
157;755
157;755
157;755
157;755
157;756
157;756
157;756
157;757
157;757
157;757
157;758
157;758
157;758
157;758
157;759
158;754
158;754
158;755
158;755
158;755
158;756
158;756
158;756
158;757
158;757
158;757
158;757
158;758
158;758
158;758
158;759
158;759
158;759
158;760
158;760
158;760
158;760
158;761
158;761
158;761
158;762
158;762
158;762
158;763
158;763
159;758
159;759
159;759
159;759
159;760
159;760
159;760
159;760
159;761
159;761
159;761
159;770
159;771
159;771
159;771
159;772
159;772
159;772
159;763
159;764
159;764
159;764
159;765
159;765
159;765
159;765
159;766
159;766
159;766
159;767
160;762
160;762
160;763
160;763
160;763
160;764
160;764
160;764
160;765
160;765
160;765
160;765
160;766
160;766
160;766
160;767
160;767
160;767
160;768
160;768
160;768
160;768
160;769
160;769
160;769
160;770
160;770
160;770
160;771
160;771
161;766
161;767
161;767
161;767
161;768
161;768
161;768
161;769
161;769
161;769
161;769
161;770
161;770
161;770
161;771
161;771
161;771
161;772
161;772
161;781
161;781
161;782
161;782
161;782
161;782
161;783
161;774
161;774
161;775
161;775
162;770
162;771
162;771
162;771
162;772
162;772
162;772
162;773
162;773
162;773
162;773
162;774
162;774
162;774
162;775
162;775
162;775
162;776
162;776
162;776
162;776
162;777
162;777
162;777
162;778
162;778
162;778
162;779
162;779
162;779
163;775
163;775
163;775
163;776
163;776
163;776
163;777
163;777
163;777
163;777
163;787
163;787
163;787
163;787
163;788
163;788
163;789
163;780
163;780
163;780
163;781
163;781
163;781
163;782
163;782
163;782
163;782
163;783
163;783
163;783
164;779
164;779
164;780
164;780
164;780
164;780
164;781
164;781
164;781
164;782
164;782
164;782
164;783
164;783
164;783
164;783
164;784
164;784
164;784
164;785
164;785
164;785
164;786
164;786
164;786
164;787
164;787
164;787
164;787
164;788
165;783
165;784
165;784
165;784
165;785
165;785
165;785
165;785
165;786
165;786
165;786
165;787
165;796
165;796
165;797
165;797
165;797
165;797
165;798
165;789
165;789
165;790
165;790
165;790
165;790
165;791
165;791
165;791
165;792
165;792
166;787
166;788
166;788
166;788
166;789
166;789
166;789
166;790
166;790
166;790
166;791
166;791
166;791
166;791
166;792
166;792
166;792
166;793
166;793
166;793
166;794
166;794
166;794
166;795
166;795
166;795
166;795
166;796
166;796
166;796
167;792
167;792
167;793
167;793
167;793
167;793
167;794
167;794
167;794
167;795
167;795
167;795
167;796
167;796
167;796
167;797
167;797
167;797
167;798
167;798
167;807
167;808
167;808
167;808
167;808
167;809
167;809
167;800
167;800
167;801
168;796
168;797
168;797
168;797
168;797
168;798
168;798
168;798
168;799
168;799
168;799
168;800
168;800
168;800
168;801
168;801
168;801
168;801
168;802
168;802
168;802
168;803
168;803
168;803
168;813
168;813
168;813
168;814
168;805
168;805
169;801
169;801
169;801
169;802
169;802
169;802
169;803
169;803
169;803
169;803
169;804
169;804
169;804
169;805
169;805
169;805
169;806
169;806
169;806
169;807
169;807
169;807
169;807
169;808
169;808
169;808
169;809
169;809
169;809
169;810
170;805
170;805
170;806
170;806
170;806
170;807
170;807
170;807
170;817
170;817
170;817
170;817
170;818
170;818
170;819
170;810
170;810
170;810
170;811
170;811
170;811
170;812
170;812
170;812
170;812
170;813
170;813
170;813
170;814
170;814
171;810
171;810
171;810
171;810
171;811
171;811
171;811
171;812
171;812
171;812
171;813
171;813
171;813
171;814
171;814
171;814
171;814
171;815
171;815
171;815
171;816
171;816
171;816
171;817
171;817
171;817
171;818
171;818
171;818
171;819
172;814
172;814
172;824
172;824
172;824
172;825
172;825
172;825
172;826
172;817
172;817
172;817
172;818
172;818
172;818
172;819
172;819
172;819
172;819
172;820
172;820
172;820
172;821
172;821
172;821
172;822
172;822
172;822
172;823
172;823
173;818
173;819
173;819
173;819
173;820
173;820
173;820
173;821
173;821
173;821
173;822
173;822
173;822
173;822
173;823
173;823
173;823
173;824
173;824
173;824
173;825
173;825
173;825
173;826
173;826
173;826
173;827
173;827
173;827
173;827
174;823
174;823
174;824
174;824
174;824
174;825
174;825
174;825
174;826
174;826
174;826
174;827
174;827
174;827
174;827
174;828
174;837
174;838
174;838
174;838
174;839
174;839
174;839
174;830
174;830
174;831
174;831
174;831
174;832
174;832
175;827
175;828
175;828
175;828
175;829
175;829
175;829
175;830
175;830
175;830
175;831
175;831
175;831
175;832
175;832
175;832
175;832
175;833
175;833
175;833
175;834
175;834
175;834
175;835
175;835
175;835
175;836
175;836
175;836
175;837
176;832
176;832
176;833
176;833
176;833
176;834
176;834
176;834
176;835
176;835
176;835
176;836
176;836
176;836
176;837
176;837
176;837
176;838
176;838
176;838
176;838
176;839
176;839
176;839
176;840
176;840
176;840
176;841
176;841
176;841
177;837
177;837
177;847
177;847
177;847
177;848
177;848
177;848
177;849
177;849
177;849
177;850
177;840
177;841
177;841
177;841
177;842
177;842
177;842
177;843
177;843
177;843
177;844
177;844
177;844
177;845
177;845
177;845
177;846
177;846
178;841
178;842
178;842
178;842
178;843
178;843
178;843
178;844
178;844
178;844
178;845
178;845
178;845
178;846
178;846
178;846
178;847
178;847
178;847
178;847
178;848
178;848
178;848
178;849
178;849
178;849
178;850
178;850
178;850
178;851
179;846
179;847
179;847
179;847
179;848
179;848
179;848
179;849
179;849
179;849
179;849
179;850
179;850
179;850
179;851
179;851
179;851
179;852
179;852
179;852
179;862
179;862
179;863
179;863
179;863
179;864
179;864
179;855
179;855
179;855
180;851
180;851
180;852
180;852
180;852
180;853
180;853
180;853
180;853
180;854
180;854
180;854
180;855
180;855
180;855
180;856
180;856
180;856
180;866
180;867
180;867
180;867
180;858
180;858
180;859
180;859
180;859
180;860
180;860
180;860
181;856
181;856
181;866
181;866
181;867
181;867
181;858
181;858
181;858
181;859
181;859
181;859
181;860
181;860
181;860
181;861
181;861
181;861
181;862
181;862
181;872
181;863
181;863
181;863
181;864
181;864
181;864
181;864
181;865
181;865
182;861
182;861
182;861
182;862
182;862
182;862
182;872
182;872
182;872
182;873
182;864
182;864
182;864
182;865
182;865
182;865
182;866
182;866
182;866
182;867
182;867
182;867
182;867
182;868
182;868
182;868
182;869
182;869
182;869
182;870
183;865
183;865
183;866
183;866
183;866
183;867
183;867
183;867
183;868
183;868
183;868
183;869
183;869
183;869
183;870
183;870
183;870
183;870
183;871
183;871
183;871
183;872
183;872
183;872
183;873
183;873
183;873
183;874
183;874
183;874
184;870
184;870
184;870
184;871
184;871
184;871
184;872
184;872
184;872
184;873
184;873
184;873
184;874
184;874
184;874
184;875
184;875
184;884
184;885
184;885
184;885
184;886
184;886
184;886
184;877
184;877
184;878
184;878
184;878
184;879
185;874
185;874
185;875
185;875
185;875
185;876
185;876
185;876
185;877
185;877
185;877
185;878
185;878
185;878
185;879
185;879
185;879
185;880
185;880
185;880
185;880
185;881
185;881
185;881
185;882
185;882
185;882
185;883
185;883
185;883
186;879
186;879
186;879
186;889
186;889
186;890
186;890
186;890
186;891
186;891
186;882
186;882
186;883
186;883
186;883
186;883
186;884
186;884
186;884
186;885
186;885
186;885
186;886
186;886
186;886
186;887
186;887
186;887
186;887
186;888
187;883
187;893
187;893
187;894
187;894
187;885
187;885
187;886
187;886
187;886
187;887
187;887
187;887
187;887
187;888
187;888
187;888
187;889
187;889
187;889
187;890
187;890
187;890
187;891
187;891
187;891
187;891
187;892
187;892
187;892
188;888
188;888
188;889
188;889
188;889
188;890
188;890
188;890
188;890
188;891
188;891
188;891
188;892
188;892
188;892
188;893
188;893
188;903
188;903
188;903
188;903
188;894
188;895
188;895
188;895
188;896
188;896
188;896
188;897
188;897
189;892
189;893
189;893
189;893
189;894
189;894
189;894
189;895
189;895
189;895
189;896
189;896
189;896
189;897
189;897
189;897
189;897
189;898
189;898
189;898
189;899
189;899
189;909
189;909
189;909
189;910
189;901
189;901
189;901
189;901
190;897
190;897
190;898
190;898
190;898
190;899
190;899
190;908
190;909
190;909
190;909
190;901
190;901
190;901
190;901
190;902
190;902
190;902
190;903
190;903
190;903
190;904
190;904
190;904
190;904
190;905
190;905
190;905
190;906
190;906
191;902
191;902
191;902
191;902
191;903
191;903
191;903
191;904
191;904
191;904
191;905
191;905
191;905
191;906
191;906
191;906
191;907
191;907
191;907
191;907
191;908
191;908
191;908
191;909
191;918
191;918
191;919
191;919
191;910
191;910
192;906
192;906
192;907
192;907
192;907
192;908
192;908
192;908
192;908
192;909
192;909
192;909
192;910
192;910
192;910
192;911
192;911
192;911
192;911
192;912
192;912
192;912
192;913
192;913
192;913
192;914
192;914
192;914
192;915
192;915
193;910
193;911
193;911
193;911
193;912
193;912
193;912
193;913
193;913
193;913
193;914
193;923
193;923
193;924
193;924
193;924
193;924
193;925
193;916
193;916
193;917
193;917
193;917
193;917
193;918
193;918
193;918
193;919
193;919
193;919
194;915
194;915
194;915
194;916
194;916
194;916
194;917
194;917
194;917
194;918
194;918
194;918
194;919
194;919
194;919
194;919
194;920
194;920
194;920
194;921
194;921
194;921
194;922
194;922
194;922
194;923
194;923
194;923
194;923
194;924
195;919
195;920
195;920
195;920
195;921
195;921
195;921
195;922
195;922
195;922
195;923
195;923
195;923
195;933
195;933
195;933
195;933
195;934
195;934
195;934
195;925
195;926
195;926
195;926
195;927
195;927
195;927
195;928
195;928
195;928
196;924
196;924
196;924
196;925
196;925
196;925
196;926
196;926
196;926
196;927
196;927
196;927
196;928
196;928
196;928
196;928
196;929
196;929
196;929
196;930
196;930
196;930
196;931
196;931
196;931
196;932
196;932
196;932
196;932
196;933
197;928
197;929
197;929
197;929
197;930
197;930
197;930
197;931
197;931
197;931
197;932
197;932
197;932
197;932
197;933
197;933
197;933
197;934
197;934
197;934
197;935
197;935
197;935
197;936
197;936
197;936
197;937
197;937
197;937
197;938
198;933
198;933
198;943
198;943
198;944
198;944
198;944
198;944
198;945
198;945
198;945
198;946
198;937
198;937
198;937
198;938
198;938
198;938
198;938
198;939
198;939
198;939
198;940
198;940
198;940
198;941
198;941
198;951
198;942
198;942
199;938
199;938
199;938
199;938
199;939
199;939
199;939
199;940
199;940
199;940
199;941
199;941
199;941
199;942
199;942
199;942
199;943
199;943
199;943
199;943
199;944
199;944
199;944
199;945
199;945
199;945
199;946
199;946
199;946
199;947
200;942
200;942
200;943
200;943
200;943
200;944
200;944
200;944
200;945
200;945
200;945
200;946
200;946
200;946
200;947
200;947
200;947
200;948
200;948
200;948
200;958
200;958
200;958
200;958
200;959
200;959
200;960
200;950
200;951
200;951
201;947
201;947
201;947
201;948
201;948
201;948
201;949
201;949
201;949
201;950
201;950
201;950
201;950
201;951
201;951
201;951
201;952
201;952
201;952
201;953
201;953
201;953
201;963
201;963
201;963
201;964
201;955
201;955
201;955
201;956
202;951
202;952
202;952
202;952
202;953
202;953
202;953
202;954
202;954
202;954
202;954
202;955
202;955
202;955
202;956
202;956
202;956
202;957
202;957
202;957
202;958
202;958
202;958
202;958
202;959
202;959
202;959
202;960
202;960
202;960
203;956
203;956
203;957
203;957
203;957
203;958
203;958
203;958
203;958
203;959
203;959
203;959
203;960
203;960
203;960
203;961
203;961
203;961
203;962
203;962
203;962
203;963
203;963
203;963
203;964
203;964
203;964
203;964
203;965
203;965
204;970
204;970
204;971
204;971
204;971
204;971
204;972
204;972
204;972
204;973
204;964
204;964
204;964
204;965
204;965
204;965
204;965
204;966
204;966
204;966
204;967
204;967
204;967
204;968
204;968
204;968
204;969
204;969
204;969
204;970
205;965
205;965
205;966
205;966
205;966
205;967
205;967
205;967
205;968
205;968
205;968
205;969
205;969
205;969
205;970
205;970
205;970
205;971
205;971
205;971
205;971
205;972
205;972
205;972
205;973
205;973
205;973
205;974
205;974
205;974
206;970
206;970
206;971
206;971
206;971
206;972
206;972
206;972
206;972
206;973
206;982
206;983
206;983
206;983
206;984
206;984
206;984
206;975
206;975
206;976
206;976
206;976
206;977
206;977
206;977
206;978
206;978
206;978
206;979
206;979
207;975
207;975
207;975
207;975
207;976
207;976
207;976
207;977
207;977
207;977
207;978
207;978
207;978
207;979
207;979
207;989
207;989
207;989
207;990
207;981
207;981
207;981
207;982
207;982
207;982
207;982
207;983
207;983
207;983
207;984
208;979
208;980
208;980
208;980
208;981
208;981
208;981
208;982
208;982
208;982
208;982
208;983
208;983
208;983
208;993
208;993
208;994
208;994
208;985
208;985
208;986
208;986
208;986
208;987
208;987
208;987
208;987
208;988
208;988
208;988
209;984
209;984
209;985
209;985
209;985
209;986
209;986
209;986
209;987
209;987
209;987
209;987
209;988
209;988
209;988
209;989
209;989
209;989
209;990
209;990
209;990
209;991
209;991
209;991
209;992
209;992
209;992
209;993
209;993
209;993
210;989
210;989
210;989
210;990
210;990
210;990
210;991
210;991
210;991
210;992
210;992
210;992
210;993
210;993
210;993
210;994
210;1003
210;1004
210;1004
210;1004
210;1004
210;1005
210;1005
210;996
210;996
210;997
210;997
210;997
210;997
210;998
211;993
211;994
211;994
211;994
211;995
211;995
211;995
211;996
211;996
211;996
211;997
211;997
211;997
211;997
211;998
211;998
211;998
211;999
211;999
211;999
211;1000
211;1000
211;1000
211;1010
211;1010
211;1011
211;1011
211;1002
211;1002
211;1003
212;998
212;998
212;999
212;999
212;999
212;1000
212;1000
212;1000
212;1001
212;1001
212;1001
212;1002
212;1002
212;1002
212;1003
212;1003
212;1003
212;1003
212;1004
212;1004
212;1004
212;1005
212;1005
212;1005
212;1006
212;1006
212;1006
212;1007
212;1007
212;1007
213;1003
213;1013
213;1013
213;1013
213;1013
213;1014
213;1014
213;1014
213;1005
213;1006
213;1006
213;1006
213;1007
213;1007
213;1007
213;1008
213;1008
213;1008
213;1008
213;1009
213;1009
213;1009
213;1010
213;1010
213;1010
213;1011
213;1011
213;1011
213;1012
213;1012
214;1008
214;1008
214;1008
214;1008
214;1009
214;1009
214;1009
214;1010
214;1010
214;1010
214;1011
214;1011
214;1011
214;1012
214;1012
214;1012
214;1013
214;1013
214;1013
214;1014
214;1023
214;1024
214;1024
214;1024
214;1015
214;1015
214;1016
214;1016
214;1016
214;1017
215;1012
215;1013
215;1013
215;1013
215;1013
215;1014
215;1014
215;1014
215;1015
215;1015
215;1015
215;1016
215;1016
215;1016
215;1017
215;1017
215;1017
215;1018
215;1018
215;1018
215;1019
215;1019
215;1019
215;1019
215;1020
215;1020
215;1020
215;1021
215;1021
215;1021
216;1017
216;1017
216;1018
216;1018
216;1018
216;1019
216;1019
216;1019
216;1029
216;1029
216;1030
216;1030
216;1030
216;1030
216;1031
216;1022
216;1022
216;1022
216;1023
216;1023
216;1023
216;1024
216;1024
216;1024
216;1024
216;1025
216;1025
216;1025
216;1026
216;1026
217;1022
217;1022
217;1022
217;1023
217;1023
217;1023
217;1024
217;1024
217;1024
217;1024
217;1025
217;1025
217;1025
217;1026
217;1026
217;1026
217;1027
217;1027
217;1027
217;1028
217;1028
217;1028
217;1029
217;1038
217;1039
217;1039
217;1039
217;1030
217;1030
217;1031
218;1026
218;1027
218;1027
218;1027
218;1028
218;1028
218;1028
218;1029
218;1029
218;1029
218;1030
218;1030
218;1030
218;1030
218;1031
218;1031
218;1031
218;1041
218;1042
218;1042
218;1042
218;1033
218;1033
218;1034
218;1034
218;1034
218;1035
218;1035
218;1035
218;1045
219;1040
219;1041
219;1041
219;1032
219;1032
219;1033
219;1033
219;1033
219;1034
219;1034
219;1034
219;1035
219;1035
219;1035
219;1036
219;1036
219;1036
219;1036
219;1037
219;1037
219;1037
219;1038
219;1038
219;1038
219;1039
219;1039
219;1039
219;1040
219;1040
219;1040
220;1036
220;1036
220;1036
220;1037
220;1037
220;1037
220;1038
220;1047
220;1048
220;1048
220;1048
220;1039
220;1039
220;1040
220;1040
220;1040
220;1041
220;1041
220;1041
220;1042
220;1042
220;1042
220;1043
220;1043
220;1043
220;1043
220;1044
220;1044
220;1044
220;1045
221;1040
221;1041
221;1041
221;1041
221;1042
221;1042
221;1042
221;1042
221;1043
221;1043
221;1053
221;1053
221;1053
221;1054
221;1045
221;1045
221;1055
221;1046
221;1046
221;1046
221;1047
221;1047
221;1047
221;1047
221;1048
221;1048
221;1048
221;1049
221;1049
221;1049
222;1045
222;1045
222;1046
222;1046
222;1046
222;1046
222;1047
222;1047
222;1047
222;1048
222;1048
222;1048
222;1049
222;1049
222;1049
222;1049
222;1050
222;1050
222;1050
222;1051
222;1051
222;1051
222;1061
222;1061
222;1061
222;1062
222;1053
222;1053
222;1053
222;1054
223;1049
223;1050
223;1050
223;1050
223;1050
223;1051
223;1051
223;1051
223;1052
223;1052
223;1052
223;1053
223;1053
223;1053
223;1054
223;1054
223;1054
223;1054
223;1055
223;1055
223;1055
223;1056
223;1056
223;1056
223;1057
223;1057
223;1057
223;1058
223;1058
223;1058
224;1054
224;1054
224;1054
224;1055
224;1055
224;1055
224;1056
224;1056
224;1056
224;1056
224;1057
224;1057
224;1057
224;1058
224;1058
224;1058
224;1059
224;1059
224;1059
224;1060
224;1060
224;1060
224;1060
224;1061
224;1061
224;1061
224;1062
224;1062
224;1062
224;1063
225;1058
225;1059
225;1059
225;1059
225;1059
225;1060
225;1060
225;1060
225;1061
225;1070
225;1070
225;1071
225;1071
225;1071
225;1072
225;1072
225;1072
225;1072
225;1073
225;1064
225;1064
225;1064
225;1065
225;1065
225;1065
225;1066
225;1066
225;1066
225;1067
225;1067
226;1063
226;1063
226;1063
226;1063
226;1064
226;1064
226;1064
226;1065
226;1065
226;1065
226;1066
226;1066
226;1066
226;1067
226;1076
226;1076
226;1077
226;1077
226;1068
226;1068
226;1069
226;1069
226;1069
226;1070
226;1070
226;1070
226;1071
226;1071
226;1071
226;1071
227;1067
227;1067
227;1068
227;1068
227;1068
227;1069
227;1069
227;1069
227;1069
227;1070
227;1070
227;1070
227;1071
227;1071
227;1071
227;1072
227;1072
227;1081
227;1082
227;1082
227;1082
227;1073
227;1074
227;1074
227;1074
227;1075
227;1075
227;1075
227;1076
227;1076
228;1071
228;1072
228;1072
228;1072
228;1073
228;1073
228;1073
228;1074
228;1074
228;1074
228;1075
228;1075
228;1075
228;1075
228;1076
228;1076
228;1076
228;1077
228;1077
228;1077
228;1078
228;1078
228;1078
228;1079
228;1079
228;1079
228;1079
228;1080
228;1080
228;1080
229;1076
229;1076
229;1077
229;1077
229;1077
229;1078
229;1078
229;1078
229;1078
229;1079
229;1079
229;1079
229;1080
229;1080
229;1080
229;1081
229;1081
229;1081
229;1082
229;1082
229;1091
229;1092
229;1092
229;1092
229;1093
229;1093
229;1093
229;1084
229;1084
229;1085
230;1080
230;1081
230;1081
230;1081
230;1082
230;1082
230;1082
230;1083
230;1083
230;1083
230;1083
230;1084
230;1084
230;1084
230;1085
230;1085
230;1085
230;1086
230;1086
230;1086
230;1087
230;1087
230;1087
230;1087
230;1088
230;1088
230;1088
230;1089
230;1089
230;1089
231;1085
231;1085
231;1086
231;1086
231;1086
231;1086
231;1087
231;1087
231;1087
231;1088
231;1088
231;1088
231;1089
231;1089
231;1089
231;1090
231;1090
231;1090
231;1091
231;1100
231;1100
231;1101
231;1101
231;1101
231;1101
231;1102
231;1093
231;1093
231;1093
231;1094
232;1089
232;1099
232;1099
232;1100
232;1100
232;1091
232;1091
232;1092
232;1092
232;1092
232;1093
232;1093
232;1093
232;1093
232;1094
232;1094
232;1094
232;1095
232;1095
232;1095
232;1096
232;1096
232;1096
232;1096
232;1097
232;1097
232;1097
232;1098
232;1098
232;1098
233;1094
233;1094
233;1095
233;1095
233;1095
233;1095
233;1096
233;1096
233;1096
233;1097
233;1097
233;1097
233;1098
233;1098
233;1098
233;1099
233;1099
233;1099
233;1099
233;1100
233;1100
233;1100
233;1101
233;1101
233;1101
233;1102
233;1102
233;1102
233;1103
233;1103
234;1098
234;1108
234;1108
234;1109
234;1109
234;1109
234;1109
234;1110
234;1101
234;1101
234;1101
234;1102
234;1102
234;1102
234;1103
234;1103
234;1103
234;1104
234;1104
234;1104
234;1105
234;1105
234;1105
234;1105
234;1106
234;1106
234;1106
234;1107
234;1107
234;1107
235;1103
235;1103
235;1103
235;1104
235;1104
235;1104
235;1105
235;1105
235;1105
235;1106
235;1106
235;1106
235;1107
235;1107
235;1107
235;1108
235;1108
235;1108
235;1108
235;1109
235;1109
235;1109
235;1110
235;1110
235;1110
235;1111
235;1111
235;1111
235;1112
235;1112
236;1107
236;1108
236;1108
236;1108
236;1109
236;1109
236;1109
236;1110
236;1110
236;1110
236;1111
236;1111
236;1111
236;1112
236;1112
236;1112
236;1112
236;1113
236;1122
236;1123
236;1123
236;1123
236;1124
236;1124
236;1124
236;1115
236;1115
236;1116
236;1116
236;1116
237;1112
237;1112
237;1113
237;1113
237;1113
237;1113
237;1114
237;1114
237;1114
237;1115
237;1115
237;1115
237;1116
237;1116
237;1116
237;1117
237;1117
237;1117
237;1118
237;1118
237;1118
237;1118
237;1119
237;1119
237;1119
237;1120
237;1120
237;1120
237;1121
237;1121
238;1117
238;1117
238;1117
238;1118
238;1118
238;1118
238;1118
238;1119
238;1119
238;1119
238;1120
238;1120
238;1120
238;1121
238;1121
238;1121
238;1122
238;1122
238;1122
238;1123
238;1123
238;1123
238;1124
238;1124
238;1133
238;1134
238;1134
238;1134
238;1135
238;1135
239;1131
239;1131
239;1131
239;1131
239;1122
239;1123
239;1123
239;1123
239;1124
239;1124
239;1124
239;1125
239;1125
239;1125
239;1126
239;1126
239;1126
239;1126
239;1127
239;1127
239;1127
239;1128
239;1128
239;1128
239;1129
239;1129
239;1129
239;1130
239;1130
239;1130
240;1126
240;1126
240;1126
240;1127
240;1127
240;1127
240;1128
240;1128
240;1128
240;1129
240;1129
240;1129
240;1130
240;1130
240;1130
240;1131
240;1131
240;1131
240;1141
240;1141
240;1141
240;1142
240;1133
240;1133
240;1133
240;1134
240;1134
240;1134
240;1135
240;1135
241;1131
241;1131
241;1131
241;1131
241;1132
241;1132
241;1132
241;1133
241;1133
241;1133
241;1134
241;1134
241;1134
241;1135
241;1135
241;1135
241;1136
241;1136
241;1136
241;1137
241;1137
241;1137
241;1137
241;1138
241;1138
241;1138
241;1139
241;1139
241;1139
241;1140
242;1145
242;1145
242;1145
242;1145
242;1146
242;1146
242;1147
242;1137
242;1138
242;1138
242;1138
242;1139
242;1139
242;1139
242;1140
242;1140
242;1140
242;1141
242;1141
242;1141
242;1141
242;1142
242;1142
242;1142
242;1143
242;1143
242;1143
242;1144
242;1144
242;1144
243;1140
243;1140
243;1141
243;1141
243;1141
243;1141
243;1142
243;1142
243;1142
243;1143
243;1143
243;1143
243;1144
243;1144
243;1144
243;1145
243;1145
243;1145
243;1155
243;1155
243;1156
243;1156
243;1147
243;1147
243;1147
243;1148
243;1148
243;1148
243;1149
243;1149
244;1145
244;1145
244;1145
244;1146
244;1146
244;1146
244;1146
244;1147
244;1147
244;1147
244;1148
244;1148
244;1148
244;1149
244;1149
244;1149
244;1150
244;1150
244;1150
244;1151
244;1151
244;1151
244;1152
244;1152
244;1152
244;1152
244;1153
244;1153
244;1153
244;1154
245;1149
245;1150
245;1150
245;1150
245;1151
245;1151
245;1151
245;1152
245;1152
245;1152
245;1153
245;1153
245;1153
245;1153
245;1154
245;1154
245;1154
245;1155
245;1155
245;1155
245;1156
245;1156
245;1156
245;1157
245;1157
245;1157
245;1158
245;1158
245;1158
245;1159
246;1164
246;1164
246;1164
246;1164
246;1165
246;1165
246;1165
246;1166
246;1166
246;1166
246;1157
246;1157
246;1158
246;1158
246;1158
246;1159
246;1159
246;1159
246;1160
246;1160
246;1160
246;1161
246;1161
246;1161
246;1162
246;1162
246;1162
246;1163
246;1163
246;1163
247;1159
247;1159
247;1159
247;1160
247;1160
247;1160
247;1161
247;1161
247;1161
247;1171
247;1172
247;1172
247;1172
247;1163
247;1163
247;1164
247;1164
247;1164
247;1165
247;1165
247;1165
247;1165
247;1166
247;1166
247;1166
247;1167
247;1167
247;1167
247;1168
247;1168
248;1164
248;1164
248;1164
248;1165
248;1165
248;1165
248;1166
248;1166
248;1166
248;1166
248;1167
248;1167
248;1167
248;1168
248;1168
248;1168
248;1169
248;1169
248;1169
248;1170
248;1170
248;1170
248;1171
248;1171
248;1171
248;1172
248;1172
248;1172
248;1173
248;1173
249;1168
249;1169
249;1169
249;1169
249;1170
249;1170
249;1170
249;1171
249;1171
249;1171
249;1172
249;1181
249;1182
249;1182
249;1182
249;1183
249;1183
249;1183
249;1174
249;1174
249;1175
249;1175
249;1175
249;1176
249;1176
249;1186
249;1177
249;1177
249;1177
249;1178
250;1173
250;1174
250;1174
250;1174
250;1174
250;1175
250;1175
250;1175
250;1176
250;1176
250;1176
250;1177
250;1177
250;1177
250;1178
250;1178
250;1178
250;1179
250;1179
250;1179
250;1180
250;1180
250;1180
250;1180
250;1181
250;1181
250;1181
250;1182
250;1182
250;1182
251;1178
251;1178
251;1179
251;1179
251;1179
251;1180
251;1180
251;1180
251;1181
251;1181
251;1181
251;1182
251;1182
251;1182
251;1182
251;1183
251;1183
251;1183
251;1184
251;1184
251;1184
251;1185
251;1185
251;1185
251;1186
251;1186
251;1186
251;1187
251;1187
251;1187
252;1183
252;1183
252;1183
252;1184
252;1184
252;1184
252;1185
252;1185
252;1185
252;1186
252;1186
252;1186
252;1196
252;1196
252;1197
252;1197
252;1197
252;1198
252;1198
252;1198
252;1199
252;1199
252;1190
252;1190
252;1190
252;1191
252;1191
252;1191
252;1192
252;1192
253;1187
253;1188
253;1188
253;1188
253;1189
253;1189
253;1189
253;1190
253;1190
253;1190
253;1191
253;1191
253;1191
253;1192
253;1192
253;1192
253;1193
253;1193
253;1193
253;1194
253;1194
253;1194
253;1195
253;1195
253;1195
253;1195
253;1196
253;1196
253;1196
253;1197
254;1192
254;1193
254;1193
254;1193
254;1194
254;1194
254;1194
254;1195
254;1195
254;1195
254;1196
254;1196
254;1196
254;1197
254;1197
254;1197
254;1198
254;1198
254;1198
254;1199
254;1199
254;1199
254;1199
254;1200
254;1210
254;1210
254;1210
254;1210
254;1211
254;1211
255;1207
255;1207
255;1207
255;1208
255;1198
255;1199
255;1199
255;1199
255;1200
255;1200
255;1200
255;1201
255;1201
255;1201
255;1202
255;1202
255;1202
255;1203
255;1203
255;1203
255;1204
255;1204
255;1204
255;1205
255;1205
255;1205
255;1206
255;1206
255;1206
255;1206
256;1202
256;1202
256;1203
256;1213
256;1213
256;1213
256;1214
256;1204
256;1205
256;1205
256;1205
256;1206
256;1206
256;1206
256;1207
256;1207
256;1207
256;1208
256;1208
256;1208
256;1209
256;1209
256;1209
256;1209
256;1210
256;1210
256;1210
256;1211
256;1211
256;1211
257;1207
257;1207
257;1208
257;1208
257;1208
257;1209
257;1219
257;1219
257;1219
257;1219
257;1210
257;1211
257;1211
257;1211
257;1211
257;1212
257;1212
257;1212
257;1213
257;1213
257;1213
257;1214
257;1214
257;1214
257;1215
257;1215
257;1215
257;1216
257;1216
257;1216
258;1212
258;1212
258;1213
258;1213
258;1213
258;1213
258;1214
258;1214
258;1214
258;1215
258;1215
258;1215
258;1216
258;1216
258;1216
258;1217
258;1217
258;1217
258;1218
258;1218
258;1218
258;1219
258;1219
258;1219
258;1220
258;1220
258;1220
258;1221
258;1221
258;1221
259;1217
259;1217
259;1217
259;1218
259;1218
259;1218
259;1219
259;1219
259;1219
259;1220
259;1220
259;1220
259;1221
259;1221
259;1221
259;1222
259;1222
259;1222
259;1223
259;1223
259;1223
259;1224
259;1233
259;1234
259;1234
259;1234
259;1235
259;1235
259;1235
259;1226
260;1222
260;1222
260;1222
260;1223
260;1223
260;1223
260;1224
260;1224
260;1224
260;1225
260;1225
260;1225
260;1225
260;1226
260;1226
260;1226
260;1227
260;1227
260;1227
260;1228
260;1228
260;1228
260;1229
260;1229
260;1229
260;1230
260;1230
260;1230
260;1231
260;1231
261;1227
261;1227
261;1227
261;1228
261;1228
261;1228
261;1229
261;1229
261;1229
261;1230
261;1230
261;1230
261;1230
261;1231
261;1231
261;1231
261;1232
261;1232
261;1232
261;1233
261;1233
261;1233
261;1234
261;1234
261;1234
261;1235
261;1235
261;1235
261;1236
261;1236
262;1232
262;1232
262;1232
262;1242
262;1243
262;1243
262;1243
262;1243
262;1244
262;1244
262;1244
262;1245
262;1245
262;1236
262;1236
262;1236
262;1237
262;1237
262;1237
262;1238
262;1238
262;1238
262;1239
262;1239
262;1239
262;1240
262;1240
262;1240
262;1241
262;1241
263;1236
263;1237
263;1237
263;1237
263;1238
263;1238
263;1238
263;1239
263;1239
263;1239
263;1249
263;1250
263;1250
263;1250
263;1241
263;1241
263;1242
263;1242
263;1242
263;1243
263;1243
263;1243
263;1244
263;1244
263;1244
263;1245
263;1245
263;1245
263;1246
263;1246
264;1241
264;1242
264;1242
264;1242
264;1243
264;1243
264;1243
264;1244
264;1244
264;1244
264;1245
264;1245
264;1245
264;1246
264;1246
264;1246
264;1247
264;1247
264;1247
264;1248
264;1248
264;1248
264;1249
264;1249
264;1249
264;1250
264;1250
264;1250
264;1260
264;1261
265;1256
265;1256
265;1257
265;1257
265;1258
265;1248
265;1248
265;1249
265;1249
265;1249
265;1250
265;1250
265;1250
265;1251
265;1251
265;1251
265;1252
265;1252
265;1252
265;1253
265;1253
265;1253
265;1254
265;1254
265;1254
265;1255
265;1255
265;1255
265;1256
265;1256
266;1251
266;1252
266;1252
266;1252
266;1253
266;1253
266;1253
266;1254
266;1254
266;1254
266;1255
266;1255
266;1255
266;1256
266;1256
266;1256
266;1257
266;1257
266;1257
266;1258
266;1258
266;1258
266;1259
266;1259
266;1259
266;1260
266;1260
266;1260
266;1261
266;1261
267;1257
267;1257
267;1257
267;1258
267;1258
267;1258
267;1259
267;1259
267;1259
267;1260
267;1260
267;1260
267;1261
267;1261
267;1261
267;1262
267;1262
267;1262
267;1272
267;1272
